1)Tiger Craft,https://www.youtube.com/results?search_query=tiger+craft+karve+castle,16:23
1)Lotus Drawing,https://www.youtube.com/results?search_query=lotus+drawing+karve+castle,4:33
2)Parrot Drawing,https://www.youtube.com/results?search_query=parrot+drawing+karve+castle,7:35
1)Among Us Drawing,https://www.youtube.com/results?search_query=among+us+drawing+karve+castle,6:08
2)Butterfly Drawing,https://www.youtube.com/results?search_query=butterfly+drawing+karve+castle,14:29
1)Paper Snowlfakes,https://www.youtube.com/results?search_query=paper+snowflakes+karve+castle,6:14
1)Tiger Mask,https://www.youtube.com/results?search_query=tiger+mask+karve+face+castle,11:13
2)Hello Kitty Face Mask,https://www.youtube.com/results?search_query=hello+kitty+face+mask+karve+castle,9:56
3)Parrot Face Mask,https://www.youtube.com/results?search_query=parrot+face+mask+karve+castle,4:21
4)Cow Face Mask,https://www.youtube.com/results?search_query=cow+face+mask+karve+castle,9:52
5)Deer Face Mask,https://www.youtube.com/results?search_query=deer+mask+karve+castle,15:01
6)Cat Face Mask,https://www.youtube.com/results?search_query=cat+face+mask+karve+castle,8:12
7)Batman Face Mask,https://www.youtube.com/results?search_query=batman+face+mask+karve+castle,9:13
8)Monkey Face Mask,https://www.youtube.com/results?search_query=monkey+face+mask+karve+castle,10:31
9)Lion Face Mask,https://www.youtube.com/results?search_query=lion+face+mask+karve+castle,11:02
10)Elephant Face Mask,https://www.youtube.com/results?search_query=elephant+face+mask+karve+castle,19:43
11)Rabbit Face Mask,https://www.youtube.com/results?search_query=rabbit+face+mask+karve+castle,5:10