4 Cups | Kids Game | Kids Activity | Four Cups,https://youtu.be/rU3CTkN_bEE,10:23
10 Lines about Rabbit | Essay on Rabbit for Kids | Speech on Rabbit for Kids |  Facts about Rabbit,https://youtu.be/42pYuMXIDZU,3:06
Paper Diya Making For Diwali |  Diwali Activities for Kids | Diwali Ideas At Home,https://youtu.be/4lyeY4NHkuU,5:54
Rabbit face mask using Card Board | Bunny face mask | Animal mask using Card Board,https://youtu.be/8l0dICBwZ-A,5:09
How to make TOY BUS using Card Board,https://youtu.be/9IlWWDSbNlI,10:34
5 Lines On Diwali | Speech on Diwali for Kids | Short Essay on Diwali,https://youtu.be/2y4O8NWKsbs,1:48
Riddles in English for Kids | Simple Riddles for Kids,https://youtu.be/DFjq0GBUGe8,6:41
Interesting Facts about Tiger | Facts about Tiger,https://youtu.be/BgciP33J2UU,3:03
10 Lines On Diwali,https://youtu.be/gDmNSwNQHhY,2:06
Essay on Jallianwala Bagh Massacre,https://youtu.be/GeJRp8qbrxs,4:24
Days of a Week,https://youtu.be/MfanMl2QSJg,2:07
10 Lines on Dussehra,https://youtu.be/3DN51ZahDoo,2:09
How to deflate Star Foil Balloon | Happy Birthday,https://youtu.be/JLcxrgs4AW4,1:24
How to inflate Star Foil Balloon,https://youtu.be/v5y85AqOY2U,1:18
Personal Hygiene for Kids | Personal Hygiene | Healthy Habits for Kids,https://youtu.be/et1PhrZ4TuM,1:29
Eco friendly Ganesh making,https://youtu.be/HXIdcoGmS0A,18:14
Houseboat making with Card Board,https://youtu.be/qKvLtD3cSFM,13:49