D:\P\S\S\SPF\Services\Intergraph.SDV.Server.API\bin\Debug\Intergraph.SDV.Server.API.dll,C:\SmartPlant Foundation Server Files\Web_Sites\YASSPOServer\bin
D:\P\S\S\SPF\Services\Intergraph.SDV.Server.API\bin\Debug\Intergraph.SDV.Server.API.pdb,C:\SmartPlant Foundation Server Files\Web_Sites\YASSPOServer\bin
D:\P\S\S\SPF\Common Projects\Intergraph.VTL.Common\bin\Debug\Intergraph.VTL.Common.dll,C:\SmartPlant Foundation Server Files\Web_Sites\YASSPOServer\bin
D:\P\S\S\SPF\Common Projects\Intergraph.VTL.Common\bin\Debug\Intergraph.VTL.Common.pdb,C:\SmartPlant Foundation Server Files\Web_Sites\YASSPOServer\bin
D:\P\S\S\SPF\Server Module Projects\SDV\Intergraph.VTL.Server\bin\Debug\Intergraph.VTL.Server.dll,C:\SmartPlant Foundation Server Files\Web_Sites\YASSPOServer\bin
D:\P\S\S\SPF\Server Module Projects\SDV\Intergraph.VTL.Server\bin\Debug\Intergraph.VTL.Server.pdb,C:\SmartPlant Foundation Server Files\Web_Sites\YASSPOServer\bin
D:\P\S\S\SPF\Server Module Projects\SDV\Intergraph.VTL.Server.Module\bin\Debug\Intergraph.VTL.Server.Module.dll,C:\SmartPlant Foundation Server Files\Web_Sites\YASSPOServer\bin
D:\P\S\S\SPF\Server Module Projects\SDV\Intergraph.VTL.Server.Module\bin\Debug\Intergraph.VTL.Server.Module.pdb,C:\SmartPlant Foundation Server Files\Web_Sites\YASSPOServer\bin
D:\P\S\S\SPF\Services\Intergraph.VTL.Server.Services.Common.Classes\bin\Debug\Intergraph.VTL.Server.Services.Common.Classes.dll,C:\SmartPlant Foundation Server Files\Web_Sites\YASSPOServer\bin
D:\P\S\S\SPF\Services\Intergraph.VTL.Server.Services.Common.Classes\bin\Debug\Intergraph.VTL.Server.Services.Common.Classes.pdb,C:\SmartPlant Foundation Server Files\Web_Sites\YASSPOServer\bin
D:\P\S\S\SPF\Services\Intergraph.VTL.Server.Services.Common.Contracts\bin\Debug\Intergraph.VTL.Server.Services.Common.Contracts.dll,C:\SmartPlant Foundation Server Files\Web_Sites\YASSPOServer\bin
D:\P\S\S\SPF\Services\Intergraph.VTL.Server.Services.Common.Contracts\bin\Debug\Intergraph.VTL.Server.Services.Common.Contracts.pdb,C:\SmartPlant Foundation Server Files\Web_Sites\YASSPOServer\bin
D:\P\S\S\SPF\Services\Intergraph.VTL.Server.Services.Export.Classes\bin\Debug\Intergraph.VTL.Server.Services.Export.Classes.dll,C:\SmartPlant Foundation Server Files\Web_Sites\YASSPOServer\bin
D:\P\S\S\SPF\Services\Intergraph.VTL.Server.Services.Export.Classes\bin\Debug\Intergraph.VTL.Server.Services.Export.Classes.pdb,C:\SmartPlant Foundation Server Files\Web_Sites\YASSPOServer\bin
D:\P\S\S\SPF\Services\Intergraph.VTL.Server.Services.ExportMappings.Classes\bin\Debug\Intergraph.VTL.Server.Services.ExportMappings.Classes.dll,C:\SmartPlant Foundation Server Files\Web_Sites\YASSPOServer\bin
D:\P\S\S\SPF\Services\Intergraph.VTL.Server.Services.ExportMappings.Classes\bin\Debug\Intergraph.VTL.Server.Services.ExportMappings.Classes.pdb,C:\SmartPlant Foundation Server Files\Web_Sites\YASSPOServer\bin
D:\P\S\S\SPF\Services\Intergraph.VTL.Server.Services.ExportMappings.Contracts\bin\Debug\Intergraph.VTL.Server.Services.ExportMappings.Contracts.dll,C:\SmartPlant Foundation Server Files\Web_Sites\YASSPOServer\bin
D:\P\S\S\SPF\Services\Intergraph.VTL.Server.Services.ExportMappings.Contracts\bin\Debug\Intergraph.VTL.Server.Services.ExportMappings.Contracts.pdb,C:\SmartPlant Foundation Server Files\Web_Sites\YASSPOServer\bin
D:\P\S\S\SPF\Services\Intergraph.VTL.Server.Services.ImplicitDelete.Classes\bin\Debug\Intergraph.VTL.Server.Services.ImplicitDelete.Classes.dll,C:\SmartPlant Foundation Server Files\Web_Sites\YASSPOServer\bin
D:\P\S\S\SPF\Services\Intergraph.VTL.Server.Services.ImplicitDelete.Classes\bin\Debug\Intergraph.VTL.Server.Services.ImplicitDelete.Classes.pdb,C:\SmartPlant Foundation Server Files\Web_Sites\YASSPOServer\bin
D:\P\S\S\SPF\Services\Intergraph.VTL.Server.Services.ImplicitDelete.Contracts\bin\Debug\Intergraph.VTL.Server.Services.ImplicitDelete.Contracts.dll,C:\SmartPlant Foundation Server Files\Web_Sites\YASSPOServer\bin
D:\P\S\S\SPF\Services\Intergraph.VTL.Server.Services.ImplicitDelete.Contracts\bin\Debug\Intergraph.VTL.Server.Services.ImplicitDelete.Contracts.pdb,C:\SmartPlant Foundation Server Files\Web_Sites\YASSPOServer\bin
D:\P\S\S\SPF\Services\Intergraph.VTL.Server.Services.Import.Classes\bin\Debug\Intergraph.VTL.Server.Services.Import.Classes.dll,C:\SmartPlant Foundation Server Files\Web_Sites\YASSPOServer\bin
D:\P\S\S\SPF\Services\Intergraph.VTL.Server.Services.Import.Classes\bin\Debug\Intergraph.VTL.Server.Services.Import.Classes.pdb,C:\SmartPlant Foundation Server Files\Web_Sites\YASSPOServer\bin
D:\P\S\S\SPF\Services\Intergraph.VTL.Server.Services.ImportMappings.Classes\bin\Debug\Intergraph.VTL.Server.Services.ImportMappings.Classes.dll,C:\SmartPlant Foundation Server Files\Web_Sites\YASSPOServer\bin
D:\P\S\S\SPF\Services\Intergraph.VTL.Server.Services.ImportMappings.Classes\bin\Debug\Intergraph.VTL.Server.Services.ImportMappings.Classes.pdb,C:\SmartPlant Foundation Server Files\Web_Sites\YASSPOServer\bin
D:\P\S\S\SPF\Services\Intergraph.VTL.Server.Services.ImportMappings.Contracts\bin\Debug\Intergraph.VTL.Server.Services.ImportMappings.Contracts.dll,C:\SmartPlant Foundation Server Files\Web_Sites\YASSPOServer\bin
D:\P\S\S\SPF\Services\Intergraph.VTL.Server.Services.ImportMappings.Contracts\bin\Debug\Intergraph.VTL.Server.Services.ImportMappings.Contracts.pdb,C:\SmartPlant Foundation Server Files\Web_Sites\YASSPOServer\bin
D:\P\S\S\SPF\Services\Intergraph.VTL.Server.Services.JobDefinitions.Classes\bin\Debug\Intergraph.VTL.Server.Services.JobDefinitions.Classes.dll,C:\SmartPlant Foundation Server Files\Web_Sites\YASSPOServer\bin
D:\P\S\S\SPF\Services\Intergraph.VTL.Server.Services.JobDefinitions.Classes\bin\Debug\Intergraph.VTL.Server.Services.JobDefinitions.Classes.pdb,C:\SmartPlant Foundation Server Files\Web_Sites\YASSPOServer\bin
D:\P\S\S\SPF\Services\Intergraph.VTL.Server.Services.JobDefinitions.Contracts\bin\Debug\Intergraph.VTL.Server.Services.JobDefinitions.Contracts.dll,C:\SmartPlant Foundation Server Files\Web_Sites\YASSPOServer\bin
D:\P\S\S\SPF\Services\Intergraph.VTL.Server.Services.JobDefinitions.Contracts\bin\Debug\Intergraph.VTL.Server.Services.JobDefinitions.Contracts.pdb,C:\SmartPlant Foundation Server Files\Web_Sites\YASSPOServer\bin
D:\P\S\S\SPF\Services\Intergraph.VTL.Server.Services.JobManagement.Classes\bin\Debug\Intergraph.VTL.Server.Services.JobManagement.Classes.dll,C:\SmartPlant Foundation Server Files\Web_Sites\YASSPOServer\bin
D:\P\S\S\SPF\Services\Intergraph.VTL.Server.Services.JobManagement.Classes\bin\Debug\Intergraph.VTL.Server.Services.JobManagement.Classes.pdb,C:\SmartPlant Foundation Server Files\Web_Sites\YASSPOServer\bin
D:\P\S\S\SPF\Services\Intergraph.VTL.Server.Services.Jobmanagment.Contracts\bin\Debug\Intergraph.VTL.Server.Services.JobManagement.Contracts.dll,C:\SmartPlant Foundation Server Files\Web_Sites\YASSPOServer\bin
D:\P\S\S\SPF\Services\Intergraph.VTL.Server.Services.Jobmanagment.Contracts\bin\Debug\Intergraph.VTL.Server.Services.JobManagement.Contracts.pdb,C:\SmartPlant Foundation Server Files\Web_Sites\YASSPOServer\bin
D:\P\S\S\SPF\Services\Intergraph.VTL.Server.Services.RuleSets.Classes\bin\Debug\Intergraph.VTL.Server.Services.RuleSets.Classes.dll,C:\SmartPlant Foundation Server Files\Web_Sites\YASSPOServer\bin
D:\P\S\S\SPF\Services\Intergraph.VTL.Server.Services.RuleSets.Classes\bin\Debug\Intergraph.VTL.Server.Services.RuleSets.Classes.pdb,C:\SmartPlant Foundation Server Files\Web_Sites\YASSPOServer\bin
D:\P\S\S\SPF\Services\Intergraph.VTL.Server.Services.RuleSets.Contracts\bin\Debug\Intergraph.VTL.Server.Services.RuleSets.Contracts.dll,C:\SmartPlant Foundation Server Files\Web_Sites\YASSPOServer\bin
D:\P\S\S\SPF\Services\Intergraph.VTL.Server.Services.RuleSets.Contracts\bin\Debug\Intergraph.VTL.Server.Services.RuleSets.Contracts.pdb,C:\SmartPlant Foundation Server Files\Web_Sites\YASSPOServer\bin
D:\P\S\S\SPF\Services\Intergraph.VTL.Server.Services.SchemaMapping.Classes\bin\Debug\Intergraph.VTL.Server.Services.SchemaMapping.Classes.dll,C:\SmartPlant Foundation Server Files\Web_Sites\YASSPOServer\bin
D:\P\S\S\SPF\Services\Intergraph.VTL.Server.Services.SchemaMapping.Classes\bin\Debug\Intergraph.VTL.Server.Services.SchemaMapping.Classes.pdb,C:\SmartPlant Foundation Server Files\Web_Sites\YASSPOServer\bin
D:\P\S\S\SPF\Services\Intergraph.VTL.Server.Services.SchemaMapping.Contracts\bin\Debug\Intergraph.VTL.Server.Services.SchemaMapping.Contracts.dll,C:\SmartPlant Foundation Server Files\Web_Sites\YASSPOServer\bin
D:\P\S\S\SPF\Services\Intergraph.VTL.Server.Services.SchemaMapping.Contracts\bin\Debug\Intergraph.VTL.Server.Services.SchemaMapping.Contracts.pdb,C:\SmartPlant Foundation Server Files\Web_Sites\YASSPOServer\bin
D:\P\S\S\SPF\Services\Intergraph.VTL.Server.Services.StageCleanUp.Classes\bin\Debug\Intergraph.VTL.Server.Services.StageCleanUp.Classes.dll,C:\SmartPlant Foundation Server Files\Web_Sites\YASSPOServer\bin
D:\P\S\S\SPF\Services\Intergraph.VTL.Server.Services.StageCleanUp.Classes\bin\Debug\Intergraph.VTL.Server.Services.StageCleanUp.Classes.pdb,C:\SmartPlant Foundation Server Files\Web_Sites\YASSPOServer\bin
D:\P\S\S\SPF\Services\Intergraph.VTL.Server.Services.SystemConfiguration.Classes\bin\Debug\Intergraph.VTL.Server.Services.SystemConfiguration.Classes.dll,C:\SmartPlant Foundation Server Files\Web_Sites\YASSPOServer\bin
D:\P\S\S\SPF\Services\Intergraph.VTL.Server.Services.SystemConfiguration.Classes\bin\Debug\Intergraph.VTL.Server.Services.SystemConfiguration.Classes.pdb,C:\SmartPlant Foundation Server Files\Web_Sites\YASSPOServer\bin
D:\P\S\S\SPF\Services\Intergraph.VTL.Server.Services.SystemConfiguration.Contracts\bin\Debug\Intergraph.VTL.Server.Services.SystemConfiguration.Contracts.dll,C:\SmartPlant Foundation Server Files\Web_Sites\YASSPOServer\bin
D:\P\S\S\SPF\Services\Intergraph.VTL.Server.Services.SystemConfiguration.Contracts\bin\Debug\Intergraph.VTL.Server.Services.SystemConfiguration.Contracts.pdb,C:\SmartPlant Foundation Server Files\Web_Sites\YASSPOServer\bin
D:\P\S\S\SPF\Services\Intergraph.VTL.Server.Services.TargetCleanUp.Classes\bin\Debug\Intergraph.VTL.Server.Services.TargetCleanUp.Classes.dll,C:\SmartPlant Foundation Server Files\Web_Sites\YASSPOServer\bin
D:\P\S\S\SPF\Services\Intergraph.VTL.Server.Services.TargetCleanUp.Classes\bin\Debug\Intergraph.VTL.Server.Services.TargetCleanUp.Classes.pdb,C:\SmartPlant Foundation Server Files\Web_Sites\YASSPOServer\bin
D:\P\S\S\SPF\Services\Intergraph.VTL.Server.Services.TargetSystem.Classes\bin\Debug\Intergraph.VTL.Server.Services.TargetSystem.Classes.dll,C:\SmartPlant Foundation Server Files\Web_Sites\YASSPOServer\bin
D:\P\S\S\SPF\Services\Intergraph.VTL.Server.Services.TargetSystem.Classes\bin\Debug\Intergraph.VTL.Server.Services.TargetSystem.Classes.pdb,C:\SmartPlant Foundation Server Files\Web_Sites\YASSPOServer\bin
D:\P\S\S\SPF\Services\Intergraph.VTL.Server.Services.TargetSystem.Contracts\bin\Debug\Intergraph.VTL.Server.Services.TargetSystem.Contracts.dll,C:\SmartPlant Foundation Server Files\Web_Sites\YASSPOServer\bin
D:\P\S\S\SPF\Services\Intergraph.VTL.Server.Services.TargetSystem.Contracts\bin\Debug\Intergraph.VTL.Server.Services.TargetSystem.Contracts.pdb,C:\SmartPlant Foundation Server Files\Web_Sites\YASSPOServer\bin
D:\P\S\S\SPF\Services\Intergraph.VTL.Server.Services.TargetSystemLoader.Classes\bin\Debug\Intergraph.VTL.Server.Services.TargetSystemLoader.Classes.dll,C:\SmartPlant Foundation Server Files\Web_Sites\YASSPOServer\bin
D:\P\S\S\SPF\Services\Intergraph.VTL.Server.Services.TargetSystemLoader.Classes\bin\Debug\Intergraph.VTL.Server.Services.TargetSystemLoader.Classes.pdb,C:\SmartPlant Foundation Server Files\Web_Sites\YASSPOServer\bin
D:\P\S\S\SPF\Services\Intergraph.VTL.Server.Services.TargetSystemManagement.Classes\bin\Debug\Intergraph.VTL.Server.Services.TargetSystemManagement.Classes.dll,C:\SmartPlant Foundation Server Files\Web_Sites\YASSPOServer\bin
D:\P\S\S\SPF\Services\Intergraph.VTL.Server.Services.TargetSystemManagement.Classes\bin\Debug\Intergraph.VTL.Server.Services.TargetSystemManagement.Classes.pdb,C:\SmartPlant Foundation Server Files\Web_Sites\YASSPOServer\bin
D:\P\S\S\SPF\Services\Intergraph.VTL.Server.Services.TargetSystemManagement.Contracts\bin\Debug\Intergraph.VTL.Server.Services.TargetSystemManagement.Contracts.dll,C:\SmartPlant Foundation Server Files\Web_Sites\YASSPOServer\bin
D:\P\S\S\SPF\Services\Intergraph.VTL.Server.Services.TargetSystemManagement.Contracts\bin\Debug\Intergraph.VTL.Server.Services.TargetSystemManagement.Contracts.pdb,C:\SmartPlant Foundation Server Files\Web_Sites\YASSPOServer\bin
D:\P\S\S\SPF\Services\Intergraph.VTL.Server.Services.TEFTargetSystemLoader.Classes\bin\Debug\Intergraph.VTL.Server.Services.TEFTargetSystemLoader.Classes.dll,C:\SmartPlant Foundation Server Files\Web_Sites\YASSPOServer\bin
D:\P\S\S\SPF\Services\Intergraph.VTL.Server.Services.TEFTargetSystemLoader.Classes\bin\Debug\Intergraph.VTL.Server.Services.TEFTargetSystemLoader.Classes.pdb,C:\SmartPlant Foundation Server Files\Web_Sites\YASSPOServer\bin
D:\P\S\S\SPF\Services\Intergraph.VTL.Server.Services.Validation.Classes\bin\Debug\Intergraph.VTL.Server.Services.Validation.Classes.dll,C:\SmartPlant Foundation Server Files\Web_Sites\YASSPOServer\bin
D:\P\S\S\SPF\Services\Intergraph.VTL.Server.Services.Validation.Classes\bin\Debug\Intergraph.VTL.Server.Services.Validation.Classes.pdb,C:\SmartPlant Foundation Server Files\Web_Sites\YASSPOServer\bin
D:\P\S\S\SPF\Server Module Projects\SDV\Intergraph.VTL.Server.TargetSystem.Module\bin\Debug\Intergraph.VTL.Server.TargetSystem.Module.dll,C:\SmartPlant Foundation Server Files\Web_Sites\YASSPOServer\bin
D:\P\S\S\SPF\Server Module Projects\SDV\Intergraph.VTL.Server.TargetSystem.Module\bin\Debug\Intergraph.VTL.Server.TargetSystem.Module.pdb,C:\SmartPlant Foundation Server Files\Web_Sites\YASSPOServer\bin
D:\P\S\S\SPF\Server Module Projects\SDV\Intergraph.VTL.SilentJobProcessor\bin\Debug\Intergraph.VTL.SilentJobProcessor.dll,C:\SmartPlant Foundation Server Files\Web_Sites\YASSPOServer\bin
D:\P\S\S\SPF\Server Module Projects\SDV\Intergraph.VTL.SilentJobProcessor\bin\Debug\Intergraph.VTL.SilentJobProcessor.pdb,C:\SmartPlant Foundation Server Files\Web_Sites\YASSPOServer\bin
